district,doy,et0_p90,tmax_p90,et0_mean
Bengaluru_Urban,1,4.73,27.8,4.02
Bengaluru_Urban,2,4.75,27.91,4.03
Bengaluru_Urban,3,4.76,28.0,4.03
Bengaluru_Urban,4,4.77,28.1,4.05
Bengaluru_Urban,5,4.8,28.11,4.08
Bengaluru_Urban,6,4.85,28.2,4.12
Bengaluru_Urban,7,4.9,28.4,4.16
Bengaluru_Urban,8,4.93,28.4,4.2
Bengaluru_Urban,9,4.96,28.5,4.22
Bengaluru_Urban,10,4.98,28.6,4.24
Bengaluru_Urban,11,5.02,28.6,4.27
Bengaluru_Urban,12,5.03,28.7,4.29
Bengaluru_Urban,13,5.04,28.8,4.32
Bengaluru_Urban,14,5.1,28.9,4.36
Bengaluru_Urban,15,5.17,28.91,4.41
Bengaluru_Urban,16,5.19,29.0,4.44
Bengaluru_Urban,17,5.25,29.1,4.49
Bengaluru_Urban,18,5.27,29.2,4.53
Bengaluru_Urban,19,5.29,29.3,4.56
Bengaluru_Urban,20,5.31,29.31,4.58
Bengaluru_Urban,21,5.31,29.4,4.59
Bengaluru_Urban,22,5.33,29.4,4.61
Bengaluru_Urban,23,5.34,29.4,4.64
Bengaluru_Urban,24,5.36,29.4,4.68
Bengaluru_Urban,25,5.42,29.5,4.72
Bengaluru_Urban,26,5.48,29.5,4.76
Bengaluru_Urban,27,5.51,29.5,4.79
Bengaluru_Urban,28,5.54,29.6,4.82
Bengaluru_Urban,29,5.56,29.6,4.85
Bengaluru_Urban,30,5.62,29.61,4.88
Bengaluru_Urban,31,5.67,29.7,4.9
Bengaluru_Urban,32,5.73,29.8,4.92
Bengaluru_Urban,33,5.76,29.9,4.93
Bengaluru_Urban,34,5.79,30.0,4.95
Bengaluru_Urban,35,5.8,30.1,4.99
Bengaluru_Urban,36,5.83,30.1,5.03
Bengaluru_Urban,37,5.87,30.11,5.07
Bengaluru_Urban,38,5.9,30.2,5.1
Bengaluru_Urban,39,5.95,30.3,5.13
Bengaluru_Urban,40,6.01,30.4,5.16
Bengaluru_Urban,41,6.08,30.5,5.19
Bengaluru_Urban,42,6.12,30.61,5.23
Bengaluru_Urban,43,6.17,30.8,5.27
Bengaluru_Urban,44,6.21,31.1,5.31
Bengaluru_Urban,45,6.26,31.2,5.34
Bengaluru_Urban,46,6.34,31.4,5.38
Bengaluru_Urban,47,6.41,31.6,5.44
Bengaluru_Urban,48,6.49,31.7,5.49
Bengaluru_Urban,49,6.58,31.81,5.55
Bengaluru_Urban,50,6.6,32.0,5.59
Bengaluru_Urban,51,6.66,32.2,5.64
Bengaluru_Urban,52,6.7,32.34,5.69
Bengaluru_Urban,53,6.82,32.4,5.74
Bengaluru_Urban,54,6.88,32.5,5.8
Bengaluru_Urban,55,6.97,32.6,5.86
Bengaluru_Urban,56,7.01,32.6,5.9
Bengaluru_Urban,57,7.05,32.7,5.94
Bengaluru_Urban,58,7.08,32.84,5.97
Bengaluru_Urban,59,7.13,32.94,6.0
Bengaluru_Urban,60,7.17,33.0,6.04
Bengaluru_Urban,61,7.19,33.0,6.06
Bengaluru_Urban,62,7.21,33.0,6.07
Bengaluru_Urban,63,7.23,33.1,6.09
Bengaluru_Urban,64,7.25,33.1,6.12
Bengaluru_Urban,65,7.25,33.2,6.13
Bengaluru_Urban,66,7.25,33.2,6.13
Bengaluru_Urban,67,7.26,33.3,6.14
Bengaluru_Urban,68,7.29,33.3,6.13
Bengaluru_Urban,69,7.31,33.3,6.12
Bengaluru_Urban,70,7.34,33.4,6.12
Bengaluru_Urban,71,7.35,33.51,6.13
Bengaluru_Urban,72,7.35,33.8,6.13
Bengaluru_Urban,73,7.38,33.9,6.13
Bengaluru_Urban,74,7.35,33.91,6.13
Bengaluru_Urban,75,7.35,34.1,6.12
Bengaluru_Urban,76,7.35,34.21,6.14
Bengaluru_Urban,77,7.38,34.4,6.15
Bengaluru_Urban,78,7.44,34.41,6.16
Bengaluru_Urban,79,7.43,34.5,6.16
Bengaluru_Urban,80,7.38,34.5,6.16
Bengaluru_Urban,81,7.36,34.61,6.16
Bengaluru_Urban,82,7.35,34.7,6.15
Bengaluru_Urban,83,7.34,34.7,6.14
Bengaluru_Urban,84,7.34,34.8,6.1
Bengaluru_Urban,85,7.33,34.8,6.07
Bengaluru_Urban,86,7.33,34.8,6.04
Bengaluru_Urban,87,7.33,34.8,6.04
Bengaluru_Urban,88,7.33,34.9,6.03
Bengaluru_Urban,89,7.33,34.9,6.03
Bengaluru_Urban,90,7.32,34.9,6.03
Bengaluru_Urban,91,7.25,34.9,6.01
Bengaluru_Urban,92,7.2,34.9,5.97
Bengaluru_Urban,93,7.13,34.9,5.94
Bengaluru_Urban,94,7.12,34.9,5.91
Bengaluru_Urban,95,7.1,35.0,5.88
Bengaluru_Urban,96,7.1,35.0,5.86
Bengaluru_Urban,97,7.1,35.01,5.85
Bengaluru_Urban,98,7.1,35.1,5.84
Bengaluru_Urban,99,7.09,35.1,5.84
Bengaluru_Urban,100,7.04,35.1,5.83
Bengaluru_Urban,101,7.01,35.11,5.81
Bengaluru_Urban,102,6.94,35.1,5.77
Bengaluru_Urban,103,6.9,35.1,5.75
Bengaluru_Urban,104,6.82,35.1,5.73
Bengaluru_Urban,105,6.73,35.1,5.68
Bengaluru_Urban,106,6.73,35.1,5.66
Bengaluru_Urban,107,6.73,35.2,5.65
Bengaluru_Urban,108,6.73,35.2,5.64
Bengaluru_Urban,109,6.73,35.2,5.63
Bengaluru_Urban,110,6.72,35.2,5.64
Bengaluru_Urban,111,6.7,35.1,5.63
Bengaluru_Urban,112,6.7,35.11,5.62
Bengaluru_Urban,113,6.7,35.1,5.62
Bengaluru_Urban,114,6.7,35.1,5.63
Bengaluru_Urban,115,6.7,35.0,5.63
Bengaluru_Urban,116,6.64,35.0,5.61
Bengaluru_Urban,117,6.61,35.0,5.6
Bengaluru_Urban,118,6.54,34.91,5.58
Bengaluru_Urban,119,6.53,34.9,5.54
Bengaluru_Urban,120,6.48,34.9,5.5
Bengaluru_Urban,121,6.46,34.71,5.47
Bengaluru_Urban,122,6.4,34.51,5.44
Bengaluru_Urban,123,6.38,34.4,5.42
Bengaluru_Urban,124,6.33,34.3,5.38
Bengaluru_Urban,125,6.27,34.2,5.33
Bengaluru_Urban,126,6.27,34.2,5.3
Bengaluru_Urban,127,6.27,34.11,5.29
Bengaluru_Urban,128,6.27,34.0,5.26
Bengaluru_Urban,129,6.27,33.9,5.22
Bengaluru_Urban,130,6.26,33.8,5.19
Bengaluru_Urban,131,6.26,33.8,5.18
Bengaluru_Urban,132,6.27,33.8,5.17
Bengaluru_Urban,133,6.27,33.71,5.16
Bengaluru_Urban,134,6.28,33.71,5.16
Bengaluru_Urban,135,6.28,33.8,5.18
Bengaluru_Urban,136,6.28,33.71,5.19
Bengaluru_Urban,137,6.28,33.7,5.19
Bengaluru_Urban,138,6.26,33.61,5.16
Bengaluru_Urban,139,6.27,33.51,5.15
Bengaluru_Urban,140,6.26,33.5,5.14
Bengaluru_Urban,141,6.21,33.5,5.12
Bengaluru_Urban,142,6.21,33.5,5.08
Bengaluru_Urban,143,6.15,33.41,5.05
Bengaluru_Urban,144,6.12,33.41,5.03
Bengaluru_Urban,145,6.11,33.4,5.01
Bengaluru_Urban,146,6.08,33.2,4.95
Bengaluru_Urban,147,6.02,33.1,4.91
Bengaluru_Urban,148,5.9,33.0,4.87
Bengaluru_Urban,149,5.88,32.9,4.81
Bengaluru_Urban,150,5.8,32.9,4.76
Bengaluru_Urban,151,5.78,32.7,4.7
Bengaluru_Urban,152,5.73,32.51,4.64
Bengaluru_Urban,153,5.72,32.4,4.6
Bengaluru_Urban,154,5.71,32.3,4.55
Bengaluru_Urban,155,5.69,32.0,4.49
Bengaluru_Urban,156,5.64,31.9,4.42
Bengaluru_Urban,157,5.58,31.61,4.35
Bengaluru_Urban,158,5.49,31.5,4.28
Bengaluru_Urban,159,5.42,31.12,4.22
Bengaluru_Urban,160,5.37,31.0,4.19
Bengaluru_Urban,161,5.34,30.8,4.16
Bengaluru_Urban,162,5.31,30.6,4.12
Bengaluru_Urban,163,5.26,30.3,4.07
Bengaluru_Urban,164,5.22,29.9,4.04
Bengaluru_Urban,165,5.19,29.9,3.99
Bengaluru_Urban,166,5.16,29.7,3.96
Bengaluru_Urban,167,5.05,29.6,3.93
Bengaluru_Urban,168,4.96,29.5,3.91
Bengaluru_Urban,169,4.89,29.4,3.9
Bengaluru_Urban,170,4.87,29.21,3.88
Bengaluru_Urban,171,4.87,29.1,3.88
Bengaluru_Urban,172,4.86,28.91,3.87
Bengaluru_Urban,173,4.86,28.9,3.85
Bengaluru_Urban,174,4.87,28.9,3.84
Bengaluru_Urban,175,4.86,28.8,3.82
Bengaluru_Urban,176,4.86,28.7,3.8
Bengaluru_Urban,177,4.85,28.7,3.78
Bengaluru_Urban,178,4.86,28.7,3.76
Bengaluru_Urban,179,4.85,28.7,3.75
Bengaluru_Urban,180,4.85,28.8,3.74
Bengaluru_Urban,181,4.81,28.7,3.72
Bengaluru_Urban,182,4.77,28.6,3.69
Bengaluru_Urban,183,4.75,28.6,3.67
Bengaluru_Urban,184,4.73,28.6,3.64
Bengaluru_Urban,185,4.67,28.6,3.61
Bengaluru_Urban,186,4.65,28.5,3.61
Bengaluru_Urban,187,4.65,28.51,3.6
Bengaluru_Urban,188,4.61,28.5,3.59
Bengaluru_Urban,189,4.54,28.4,3.56
Bengaluru_Urban,190,4.46,28.3,3.52
Bengaluru_Urban,191,4.43,28.3,3.5
Bengaluru_Urban,192,4.4,28.2,3.48
Bengaluru_Urban,193,4.39,28.1,3.47
Bengaluru_Urban,194,4.35,28.1,3.47
Bengaluru_Urban,195,4.34,28.1,3.46
Bengaluru_Urban,196,4.33,28.1,3.44
Bengaluru_Urban,197,4.32,28.01,3.43
Bengaluru_Urban,198,4.32,28.0,3.42
Bengaluru_Urban,199,4.3,27.9,3.41
Bengaluru_Urban,200,4.29,27.9,3.4
Bengaluru_Urban,201,4.28,27.8,3.39
Bengaluru_Urban,202,4.27,27.8,3.39
Bengaluru_Urban,203,4.28,27.8,3.39
Bengaluru_Urban,204,4.3,27.8,3.4
Bengaluru_Urban,205,4.29,27.8,3.42
Bengaluru_Urban,206,4.3,27.8,3.44
Bengaluru_Urban,207,4.32,27.8,3.45
Bengaluru_Urban,208,4.32,27.8,3.46
Bengaluru_Urban,209,4.29,27.8,3.45
Bengaluru_Urban,210,4.28,27.8,3.44
Bengaluru_Urban,211,4.28,27.8,3.45
Bengaluru_Urban,212,4.27,27.7,3.45
Bengaluru_Urban,213,4.26,27.7,3.45
Bengaluru_Urban,214,4.26,27.61,3.45
Bengaluru_Urban,215,4.23,27.6,3.45
Bengaluru_Urban,216,4.23,27.6,3.44
Bengaluru_Urban,217,4.23,27.6,3.43
Bengaluru_Urban,218,4.23,27.51,3.43
Bengaluru_Urban,219,4.22,27.6,3.43
Bengaluru_Urban,220,4.21,27.6,3.44
Bengaluru_Urban,221,4.21,27.6,3.42
Bengaluru_Urban,222,4.19,27.6,3.41
Bengaluru_Urban,223,4.17,27.6,3.42
Bengaluru_Urban,224,4.14,27.6,3.42
Bengaluru_Urban,225,4.17,27.7,3.43
Bengaluru_Urban,226,4.22,27.7,3.43
Bengaluru_Urban,227,4.27,27.7,3.43
Bengaluru_Urban,228,4.3,27.7,3.45
Bengaluru_Urban,229,4.32,27.7,3.45
Bengaluru_Urban,230,4.33,27.7,3.46
Bengaluru_Urban,231,4.34,27.71,3.47
Bengaluru_Urban,232,4.34,27.71,3.48
Bengaluru_Urban,233,4.38,27.71,3.48
Bengaluru_Urban,234,4.38,27.7,3.47
Bengaluru_Urban,235,4.4,27.7,3.47
Bengaluru_Urban,236,4.39,27.71,3.47
Bengaluru_Urban,237,4.41,27.8,3.49
Bengaluru_Urban,238,4.43,27.9,3.5
Bengaluru_Urban,239,4.47,27.9,3.51
Bengaluru_Urban,240,4.52,27.9,3.52
Bengaluru_Urban,241,4.52,28.0,3.52
Bengaluru_Urban,242,4.52,28.0,3.53
Bengaluru_Urban,243,4.45,27.9,3.52
Bengaluru_Urban,244,4.44,27.9,3.52
Bengaluru_Urban,245,4.44,27.91,3.54
Bengaluru_Urban,246,4.46,27.91,3.56
Bengaluru_Urban,247,4.51,27.91,3.58
Bengaluru_Urban,248,4.51,28.0,3.59
Bengaluru_Urban,249,4.53,28.0,3.61
Bengaluru_Urban,250,4.53,28.01,3.61
Bengaluru_Urban,251,4.54,28.01,3.62
Bengaluru_Urban,252,4.53,28.0,3.61
Bengaluru_Urban,253,4.48,28.0,3.61
Bengaluru_Urban,254,4.49,28.0,3.62
Bengaluru_Urban,255,4.54,28.0,3.63
Bengaluru_Urban,256,4.57,28.0,3.65
Bengaluru_Urban,257,4.58,28.0,3.67
Bengaluru_Urban,258,4.65,28.1,3.72
Bengaluru_Urban,259,4.71,28.11,3.76
Bengaluru_Urban,260,4.73,28.2,3.77
Bengaluru_Urban,261,4.75,28.2,3.78
Bengaluru_Urban,262,4.76,28.2,3.78
Bengaluru_Urban,263,4.75,28.2,3.79
Bengaluru_Urban,264,4.75,28.2,3.78
Bengaluru_Urban,265,4.72,28.2,3.78
Bengaluru_Urban,266,4.71,28.2,3.77
Bengaluru_Urban,267,4.71,28.2,3.76
Bengaluru_Urban,268,4.71,28.2,3.77
Bengaluru_Urban,269,4.71,28.2,3.77
Bengaluru_Urban,270,4.71,28.3,3.76
Bengaluru_Urban,271,4.71,28.3,3.76
Bengaluru_Urban,272,4.68,28.2,3.73
Bengaluru_Urban,273,4.66,28.2,3.71
Bengaluru_Urban,274,4.6,28.2,3.68
Bengaluru_Urban,275,4.58,28.1,3.65
Bengaluru_Urban,276,4.54,28.1,3.64
Bengaluru_Urban,277,4.53,28.1,3.62
Bengaluru_Urban,278,4.53,28.1,3.6
Bengaluru_Urban,279,4.53,28.2,3.59
Bengaluru_Urban,280,4.58,28.2,3.6
Bengaluru_Urban,281,4.6,28.2,3.6
Bengaluru_Urban,282,4.62,28.2,3.6
Bengaluru_Urban,283,4.6,28.2,3.6
Bengaluru_Urban,284,4.62,28.2,3.58
Bengaluru_Urban,285,4.65,28.2,3.56
Bengaluru_Urban,286,4.6,28.2,3.55
Bengaluru_Urban,287,4.65,28.2,3.54
Bengaluru_Urban,288,4.67,28.2,3.52
Bengaluru_Urban,289,4.72,28.2,3.5
Bengaluru_Urban,290,4.76,28.3,3.51
Bengaluru_Urban,291,4.85,28.3,3.52
Bengaluru_Urban,292,4.86,28.3,3.52
Bengaluru_Urban,293,4.89,28.3,3.53
Bengaluru_Urban,294,4.88,28.2,3.52
Bengaluru_Urban,295,4.88,28.2,3.51
Bengaluru_Urban,296,4.89,28.2,3.51
Bengaluru_Urban,297,4.88,28.2,3.51
Bengaluru_Urban,298,4.87,28.2,3.48
Bengaluru_Urban,299,4.87,28.1,3.45
Bengaluru_Urban,300,4.83,28.0,3.43
Bengaluru_Urban,301,4.83,27.82,3.42
Bengaluru_Urban,302,4.81,27.8,3.41
Bengaluru_Urban,303,4.78,27.8,3.4
Bengaluru_Urban,304,4.73,27.7,3.38
Bengaluru_Urban,305,4.69,27.5,3.37
Bengaluru_Urban,306,4.66,27.5,3.36
Bengaluru_Urban,307,4.62,27.4,3.35
Bengaluru_Urban,308,4.61,27.4,3.35
Bengaluru_Urban,309,4.6,27.4,3.36
Bengaluru_Urban,310,4.59,27.4,3.37
Bengaluru_Urban,311,4.61,27.4,3.37
Bengaluru_Urban,312,4.63,27.3,3.39
Bengaluru_Urban,313,4.63,27.3,3.42
Bengaluru_Urban,314,4.64,27.3,3.45
Bengaluru_Urban,315,4.66,27.3,3.47
Bengaluru_Urban,316,4.66,27.3,3.48
Bengaluru_Urban,317,4.66,27.3,3.5
Bengaluru_Urban,318,4.66,27.3,3.51
Bengaluru_Urban,319,4.64,27.3,3.49
Bengaluru_Urban,320,4.64,27.3,3.48
Bengaluru_Urban,321,4.63,27.3,3.48
Bengaluru_Urban,322,4.63,27.3,3.49
Bengaluru_Urban,323,4.63,27.3,3.48
Bengaluru_Urban,324,4.64,27.3,3.47
Bengaluru_Urban,325,4.64,27.3,3.46
Bengaluru_Urban,326,4.63,27.3,3.45
Bengaluru_Urban,327,4.58,27.3,3.44
Bengaluru_Urban,328,4.58,27.21,3.45
Bengaluru_Urban,329,4.58,27.2,3.44
Bengaluru_Urban,330,4.58,27.2,3.43
Bengaluru_Urban,331,4.58,27.2,3.42
Bengaluru_Urban,332,4.58,27.2,3.43
Bengaluru_Urban,333,4.58,27.1,3.45
Bengaluru_Urban,334,4.58,27.1,3.49
Bengaluru_Urban,335,4.58,27.1,3.5
Bengaluru_Urban,336,4.58,27.2,3.51
Bengaluru_Urban,337,4.58,27.2,3.5
Bengaluru_Urban,338,4.6,27.2,3.51
Bengaluru_Urban,339,4.6,27.2,3.52
Bengaluru_Urban,340,4.6,27.2,3.51
Bengaluru_Urban,341,4.6,27.2,3.52
Bengaluru_Urban,342,4.62,27.2,3.54
Bengaluru_Urban,343,4.63,27.3,3.56
Bengaluru_Urban,344,4.62,27.3,3.57
Bengaluru_Urban,345,4.62,27.21,3.6
Bengaluru_Urban,346,4.61,27.3,3.63
Bengaluru_Urban,347,4.61,27.3,3.63
Bengaluru_Urban,348,4.6,27.3,3.64
Bengaluru_Urban,349,4.61,27.3,3.65
Bengaluru_Urban,350,4.61,27.31,3.69
Bengaluru_Urban,351,4.61,27.31,3.72
Bengaluru_Urban,352,4.62,27.4,3.75
Bengaluru_Urban,353,4.66,27.4,3.78
Bengaluru_Urban,354,4.68,27.41,3.82
Bengaluru_Urban,355,4.66,27.5,3.86
Bengaluru_Urban,356,4.66,27.5,3.87
Bengaluru_Urban,357,4.64,27.5,3.89
Bengaluru_Urban,358,4.61,27.5,3.88
Bengaluru_Urban,359,4.61,27.5,3.9
Bengaluru_Urban,360,4.62,27.5,3.93
Bengaluru_Urban,361,4.64,27.6,3.95
Bengaluru_Urban,362,4.65,27.6,3.98
Bengaluru_Urban,363,4.66,27.6,4.0
Bengaluru_Urban,364,4.69,27.7,4.01
Bengaluru_Urban,365,4.69,27.71,4.01
Kolar,1,4.48,27.6,3.73
Kolar,2,4.49,27.7,3.74
Kolar,3,4.5,27.7,3.74
Kolar,4,4.51,27.7,3.76
Kolar,5,4.55,27.8,3.79
Kolar,6,4.61,27.9,3.84
Kolar,7,4.7,28.0,3.89
Kolar,8,4.72,28.1,3.94
Kolar,9,4.74,28.21,3.97
Kolar,10,4.77,28.3,4.0
Kolar,11,4.82,28.31,4.03
Kolar,12,4.86,28.41,4.05
Kolar,13,4.91,28.5,4.08
Kolar,14,4.96,28.7,4.12
Kolar,15,4.98,28.8,4.18
Kolar,16,4.99,28.81,4.22
Kolar,17,5.03,28.9,4.27
Kolar,18,5.04,29.0,4.31
Kolar,19,5.06,29.1,4.34
Kolar,20,5.08,29.1,4.36
Kolar,21,5.08,29.1,4.37
Kolar,22,5.09,29.1,4.38
Kolar,23,5.11,29.31,4.41
Kolar,24,5.16,29.4,4.45
Kolar,25,5.2,29.4,4.49
Kolar,26,5.23,29.4,4.52
Kolar,27,5.26,29.4,4.55
Kolar,28,5.3,29.5,4.59
Kolar,29,5.32,29.6,4.62
Kolar,30,5.36,29.6,4.66
Kolar,31,5.41,29.8,4.69
Kolar,32,5.45,29.8,4.71
Kolar,33,5.51,29.9,4.74
Kolar,34,5.57,30.0,4.76
Kolar,35,5.58,30.1,4.81
Kolar,36,5.63,30.3,4.86
Kolar,37,5.66,30.3,4.91
Kolar,38,5.69,30.4,4.94
Kolar,39,5.73,30.5,4.97
Kolar,40,5.8,30.5,5.01
Kolar,41,5.87,30.7,5.06
Kolar,42,5.93,30.9,5.1
Kolar,43,5.98,31.01,5.14
Kolar,44,6.02,31.2,5.18
Kolar,45,6.08,31.3,5.22
Kolar,46,6.1,31.61,5.26
Kolar,47,6.17,31.8,5.31
Kolar,48,6.24,32.0,5.36
Kolar,49,6.33,32.2,5.42
Kolar,50,6.41,32.3,5.48
Kolar,51,6.48,32.5,5.53
Kolar,52,6.51,32.6,5.58
Kolar,53,6.63,32.7,5.64
Kolar,54,6.68,32.9,5.7
Kolar,55,6.74,32.94,5.75
Kolar,56,6.81,33.1,5.8
Kolar,57,6.85,33.1,5.85
Kolar,58,6.9,33.34,5.89
Kolar,59,6.94,33.5,5.92
Kolar,60,6.97,33.5,5.96
Kolar,61,6.98,33.5,5.99
Kolar,62,7.0,33.5,6.0
Kolar,63,7.03,33.6,6.02
Kolar,64,7.04,33.6,6.05
Kolar,65,7.06,33.6,6.06
Kolar,66,7.07,33.7,6.06
Kolar,67,7.08,33.7,6.08
Kolar,68,7.08,33.7,6.08
Kolar,69,7.08,33.7,6.08
Kolar,70,7.11,33.81,6.09
Kolar,71,7.12,34.0,6.11
Kolar,72,7.14,34.1,6.12
Kolar,73,7.18,34.2,6.15
Kolar,74,7.2,34.31,6.16
Kolar,75,7.22,34.71,6.17
Kolar,76,7.28,34.9,6.2
Kolar,77,7.31,35.0,6.24
Kolar,78,7.35,35.1,6.25
Kolar,79,7.35,35.1,6.27
Kolar,80,7.36,35.1,6.29
Kolar,81,7.35,35.2,6.31
Kolar,82,7.35,35.3,6.31
Kolar,83,7.37,35.4,6.31
Kolar,84,7.41,35.4,6.3
Kolar,85,7.41,35.5,6.28
Kolar,86,7.42,35.5,6.26
Kolar,87,7.42,35.5,6.25
Kolar,88,7.41,35.6,6.23
Kolar,89,7.41,35.6,6.23
Kolar,90,7.38,35.6,6.23
Kolar,91,7.33,35.6,6.22
Kolar,92,7.29,35.6,6.19
Kolar,93,7.26,35.6,6.18
Kolar,94,7.24,35.6,6.17
Kolar,95,7.24,35.7,6.14
Kolar,96,7.27,35.8,6.13
Kolar,97,7.29,35.8,6.14
Kolar,98,7.27,35.8,6.13
Kolar,99,7.24,35.9,6.14
Kolar,100,7.2,36.0,6.13
Kolar,101,7.19,36.1,6.12
Kolar,102,7.14,36.1,6.11
Kolar,103,7.1,36.1,6.1
Kolar,104,7.09,36.1,6.08
Kolar,105,7.08,36.1,6.05
Kolar,106,7.08,36.1,6.04
Kolar,107,7.09,36.2,6.02
Kolar,108,7.08,36.11,6.01
Kolar,109,7.1,36.1,6.0
Kolar,110,7.1,36.1,6.0
Kolar,111,7.05,36.1,6.0
Kolar,112,7.04,36.1,5.97
Kolar,113,7.03,36.1,5.98
Kolar,114,7.0,36.1,5.97
Kolar,115,7.03,36.0,5.96
Kolar,116,7.03,36.0,5.94
Kolar,117,6.98,36.0,5.92
Kolar,118,7.0,36.0,5.9
Kolar,119,6.98,36.0,5.86
Kolar,120,6.94,36.0,5.82
Kolar,121,6.94,35.81,5.79
Kolar,122,6.94,35.8,5.77
Kolar,123,6.92,35.8,5.76
Kolar,124,6.88,35.7,5.73
Kolar,125,6.8,35.71,5.7
Kolar,126,6.85,35.7,5.68
Kolar,127,6.85,35.6,5.68
Kolar,128,6.86,35.5,5.67
Kolar,129,6.86,35.5,5.64
Kolar,130,6.85,35.5,5.62
Kolar,131,6.85,35.4,5.62
Kolar,132,6.89,35.41,5.62
Kolar,133,6.89,35.4,5.63
Kolar,134,6.88,35.4,5.65
Kolar,135,6.86,35.4,5.67
Kolar,136,6.86,35.3,5.69
Kolar,137,6.85,35.3,5.68
Kolar,138,6.84,35.3,5.66
Kolar,139,6.85,35.3,5.66
Kolar,140,6.86,35.21,5.65
Kolar,141,6.83,35.2,5.64
Kolar,142,6.79,35.2,5.62
Kolar,143,6.72,35.1,5.59
Kolar,144,6.69,35.1,5.58
Kolar,145,6.73,35.0,5.56
Kolar,146,6.67,34.9,5.53
Kolar,147,6.6,34.8,5.49
Kolar,148,6.57,34.8,5.45
Kolar,149,6.56,34.7,5.39
Kolar,150,6.55,34.6,5.34
Kolar,151,6.52,34.5,5.28
Kolar,152,6.47,34.31,5.25
Kolar,153,6.38,34.3,5.22
Kolar,154,6.35,34.01,5.19
Kolar,155,6.33,33.71,5.14
Kolar,156,6.22,33.6,5.08
Kolar,157,6.18,33.41,5.0
Kolar,158,6.12,33.01,4.94
Kolar,159,6.1,32.8,4.89
Kolar,160,6.04,32.51,4.86
Kolar,161,6.01,32.3,4.84
Kolar,162,6.0,32.1,4.81
Kolar,163,5.96,32.0,4.77
Kolar,164,5.96,31.81,4.76
Kolar,165,5.95,31.71,4.73
Kolar,166,5.96,31.5,4.71
Kolar,167,5.93,31.4,4.69
Kolar,168,5.9,31.3,4.68
Kolar,169,5.89,31.2,4.68
Kolar,170,5.86,31.1,4.65
Kolar,171,5.79,31.0,4.65
Kolar,172,5.76,30.9,4.65
Kolar,173,5.76,30.8,4.65
Kolar,174,5.74,30.71,4.63
Kolar,175,5.74,30.61,4.61
Kolar,176,5.71,30.6,4.58
Kolar,177,5.71,30.6,4.57
Kolar,178,5.69,30.51,4.54
Kolar,179,5.68,30.5,4.52
Kolar,180,5.68,30.5,4.51
Kolar,181,5.68,30.5,4.48
Kolar,182,5.64,30.5,4.45
Kolar,183,5.57,30.41,4.41
Kolar,184,5.55,30.4,4.36
Kolar,185,5.48,30.4,4.34
Kolar,186,5.45,30.4,4.34
Kolar,187,5.45,30.4,4.33
Kolar,188,5.43,30.3,4.31
Kolar,189,5.39,30.2,4.28
Kolar,190,5.35,30.2,4.25
Kolar,191,5.33,30.2,4.22
Kolar,192,5.33,30.1,4.2
Kolar,193,5.26,30.0,4.19
Kolar,194,5.24,29.9,4.18
Kolar,195,5.23,29.8,4.17
Kolar,196,5.2,29.7,4.15
Kolar,197,5.17,29.7,4.14
Kolar,198,5.17,29.7,4.13
Kolar,199,5.17,29.7,4.12
Kolar,200,5.18,29.7,4.1
Kolar,201,5.16,29.6,4.09
Kolar,202,5.11,29.6,4.08
Kolar,203,5.13,29.6,4.08
Kolar,204,5.15,29.6,4.1
Kolar,205,5.15,29.6,4.11
Kolar,206,5.15,29.6,4.13
Kolar,207,5.16,29.6,4.14
Kolar,208,5.17,29.6,4.15
Kolar,209,5.17,29.6,4.14
Kolar,210,5.18,29.51,4.14
Kolar,211,5.21,29.5,4.16
Kolar,212,5.22,29.5,4.17
Kolar,213,5.22,29.41,4.18
Kolar,214,5.2,29.5,4.19
Kolar,215,5.17,29.5,4.2
Kolar,216,5.15,29.5,4.19
Kolar,217,5.17,29.5,4.18
Kolar,218,5.16,29.5,4.18
Kolar,219,5.11,29.5,4.18
Kolar,220,5.14,29.5,4.18
Kolar,221,5.16,29.51,4.17
Kolar,222,5.11,29.5,4.15
Kolar,223,5.11,29.5,4.15
Kolar,224,5.1,29.5,4.15
Kolar,225,5.1,29.6,4.15
Kolar,226,5.1,29.6,4.14
Kolar,227,5.08,29.6,4.12
Kolar,228,5.08,29.61,4.12
Kolar,229,5.08,29.6,4.11
Kolar,230,5.1,29.6,4.11
Kolar,231,5.1,29.6,4.1
Kolar,232,5.09,29.61,4.1
Kolar,233,5.08,29.6,4.1
Kolar,234,5.08,29.5,4.08
Kolar,235,5.08,29.41,4.08
Kolar,236,5.08,29.41,4.08
Kolar,237,5.11,29.51,4.09
Kolar,238,5.15,29.61,4.09
Kolar,239,5.16,29.6,4.09
Kolar,240,5.18,29.61,4.08
Kolar,241,5.15,29.61,4.07
Kolar,242,5.15,29.6,4.09
Kolar,243,5.13,29.5,4.08
Kolar,244,5.15,29.5,4.08
Kolar,245,5.16,29.6,4.09
Kolar,246,5.19,29.6,4.1
Kolar,247,5.2,29.6,4.11
Kolar,248,5.23,29.7,4.11
Kolar,249,5.23,29.8,4.13
Kolar,250,5.22,29.8,4.12
Kolar,251,5.2,29.8,4.13
Kolar,252,5.19,29.8,4.14
Kolar,253,5.18,29.71,4.14
Kolar,254,5.17,29.8,4.15
Kolar,255,5.17,29.7,4.17
Kolar,256,5.17,29.8,4.17
Kolar,257,5.22,29.8,4.18
Kolar,258,5.24,29.9,4.21
Kolar,259,5.27,30.01,4.24
Kolar,260,5.26,30.0,4.24
Kolar,261,5.25,30.1,4.23
Kolar,262,5.23,30.1,4.23
Kolar,263,5.22,30.01,4.23
Kolar,264,5.17,30.0,4.2
Kolar,265,5.15,29.9,4.17
Kolar,266,5.12,29.9,4.14
Kolar,267,5.09,29.81,4.11
Kolar,268,5.09,29.9,4.1
Kolar,269,5.08,29.9,4.08
Kolar,270,5.08,29.9,4.06
Kolar,271,5.09,29.9,4.04
Kolar,272,5.04,29.8,4.01
Kolar,273,4.97,29.7,3.97
Kolar,274,4.92,29.7,3.93
Kolar,275,4.87,29.6,3.9
Kolar,276,4.85,29.6,3.88
Kolar,277,4.83,29.6,3.86
Kolar,278,4.81,29.51,3.83
Kolar,279,4.85,29.6,3.83
Kolar,280,4.87,29.6,3.83
Kolar,281,4.89,29.6,3.83
Kolar,282,4.89,29.6,3.82
Kolar,283,4.87,29.6,3.8
Kolar,284,4.87,29.51,3.77
Kolar,285,4.87,29.51,3.74
Kolar,286,4.87,29.5,3.71
Kolar,287,4.87,29.41,3.69
Kolar,288,4.88,29.5,3.66
Kolar,289,4.94,29.51,3.64
Kolar,290,4.98,29.41,3.64
Kolar,291,5.0,29.41,3.63
Kolar,292,5.0,29.4,3.62
Kolar,293,5.02,29.4,3.62
Kolar,294,4.99,29.4,3.6
Kolar,295,4.98,29.3,3.57
Kolar,296,4.99,29.2,3.55
Kolar,297,4.98,29.2,3.53
Kolar,298,4.98,29.1,3.49
Kolar,299,4.98,28.82,3.45
Kolar,300,4.95,28.52,3.41
Kolar,301,4.97,28.41,3.39
Kolar,302,4.95,28.31,3.37
Kolar,303,4.9,28.3,3.36
Kolar,304,4.86,28.1,3.32
Kolar,305,4.84,28.0,3.3
Kolar,306,4.77,27.9,3.27
Kolar,307,4.71,27.9,3.27
Kolar,308,4.7,27.9,3.26
Kolar,309,4.7,27.9,3.27
Kolar,310,4.7,27.9,3.27
Kolar,311,4.7,27.81,3.28
Kolar,312,4.71,27.8,3.3
Kolar,313,4.74,27.8,3.32
Kolar,314,4.74,27.8,3.35
Kolar,315,4.73,27.8,3.37
Kolar,316,4.71,27.8,3.38
Kolar,317,4.71,27.8,3.4
Kolar,318,4.7,27.81,3.4
Kolar,319,4.68,27.81,3.38
Kolar,320,4.65,27.8,3.37
Kolar,321,4.65,27.8,3.37
Kolar,322,4.62,27.7,3.36
Kolar,323,4.62,27.6,3.35
Kolar,324,4.6,27.6,3.33
Kolar,325,4.58,27.51,3.31
Kolar,326,4.55,27.51,3.3
Kolar,327,4.51,27.51,3.28
Kolar,328,4.52,27.5,3.29
Kolar,329,4.52,27.4,3.28
Kolar,330,4.51,27.4,3.26
Kolar,331,4.53,27.4,3.25
Kolar,332,4.49,27.3,3.26
Kolar,333,4.48,27.2,3.27
Kolar,334,4.46,27.2,3.3
Kolar,335,4.46,27.2,3.32
Kolar,336,4.46,27.2,3.32
Kolar,337,4.46,27.3,3.32
Kolar,338,4.48,27.31,3.33
Kolar,339,4.46,27.3,3.33
Kolar,340,4.46,27.3,3.32
Kolar,341,4.46,27.3,3.32
Kolar,342,4.43,27.3,3.33
Kolar,343,4.41,27.21,3.34
Kolar,344,4.41,27.21,3.35
Kolar,345,4.4,27.1,3.37
Kolar,346,4.4,27.1,3.39
Kolar,347,4.41,27.2,3.39
Kolar,348,4.41,27.2,3.39
Kolar,349,4.42,27.2,3.41
Kolar,350,4.44,27.2,3.44
Kolar,351,4.45,27.1,3.47
Kolar,352,4.46,27.1,3.49
Kolar,353,4.46,27.1,3.52
Kolar,354,4.5,27.11,3.55
Kolar,355,4.5,27.2,3.59
Kolar,356,4.46,27.1,3.6
Kolar,357,4.45,27.1,3.6
Kolar,358,4.41,27.1,3.6
Kolar,359,4.41,27.11,3.61
Kolar,360,4.41,27.2,3.64
Kolar,361,4.41,27.3,3.66
Kolar,362,4.45,27.3,3.7
Kolar,363,4.47,27.4,3.72
Kolar,364,4.47,27.4,3.73
Kolar,365,4.47,27.5,3.73
Mandya,1,5.06,29.7,4.29
Mandya,2,5.07,29.7,4.31
Mandya,3,5.11,29.71,4.31
Mandya,4,5.11,29.8,4.33
Mandya,5,5.14,29.81,4.37
Mandya,6,5.17,29.91,4.41
Mandya,7,5.22,30.01,4.44
Mandya,8,5.25,30.1,4.48
Mandya,9,5.27,30.11,4.5
Mandya,10,5.3,30.2,4.52
Mandya,11,5.32,30.3,4.54
Mandya,12,5.34,30.3,4.56
Mandya,13,5.37,30.31,4.6
Mandya,14,5.42,30.4,4.63
Mandya,15,5.45,30.5,4.67
Mandya,16,5.46,30.51,4.71
Mandya,17,5.49,30.61,4.75
Mandya,18,5.51,30.7,4.79
Mandya,19,5.54,30.71,4.82
Mandya,20,5.58,30.8,4.85
Mandya,21,5.58,30.8,4.86
Mandya,22,5.6,30.9,4.87
Mandya,23,5.62,30.91,4.9
Mandya,24,5.66,31.0,4.94
Mandya,25,5.7,31.01,4.98
Mandya,26,5.75,31.1,5.02
Mandya,27,5.78,31.1,5.05
Mandya,28,5.81,31.2,5.08
Mandya,29,5.82,31.2,5.1
Mandya,30,5.86,31.3,5.12
Mandya,31,5.91,31.31,5.15
Mandya,32,5.95,31.4,5.16
Mandya,33,6.01,31.41,5.17
Mandya,34,6.04,31.5,5.19
Mandya,35,6.09,31.6,5.21
Mandya,36,6.12,31.7,5.25
Mandya,37,6.17,31.7,5.3
Mandya,38,6.2,31.8,5.33
Mandya,39,6.22,31.9,5.34
Mandya,40,6.25,31.91,5.37
Mandya,41,6.27,32.1,5.4
Mandya,42,6.31,32.2,5.43
Mandya,43,6.35,32.4,5.46
Mandya,44,6.4,32.5,5.51
Mandya,45,6.45,32.9,5.54
Mandya,46,6.49,33.0,5.58
Mandya,47,6.61,33.2,5.64
Mandya,48,6.7,33.3,5.69
Mandya,49,6.76,33.5,5.74
Mandya,50,6.81,33.6,5.79
Mandya,51,6.9,33.7,5.83
Mandya,52,6.95,33.8,5.87
Mandya,53,7.0,33.8,5.92
Mandya,54,7.05,33.9,5.98
Mandya,55,7.1,33.9,6.03
Mandya,56,7.15,34.0,6.07
Mandya,57,7.16,34.0,6.1
Mandya,58,7.2,34.1,6.12
Mandya,59,7.23,34.1,6.14
Mandya,60,7.25,34.2,6.16
Mandya,61,7.26,34.24,6.18
Mandya,62,7.3,34.4,6.19
Mandya,63,7.3,34.4,6.21
Mandya,64,7.33,34.5,6.23
Mandya,65,7.34,34.6,6.25
Mandya,66,7.37,34.6,6.25
Mandya,67,7.4,34.7,6.25
Mandya,68,7.41,34.7,6.24
Mandya,69,7.43,34.8,6.23
Mandya,70,7.46,35.0,6.23
Mandya,71,7.48,35.1,6.24
Mandya,72,7.49,35.2,6.23
Mandya,73,7.51,35.3,6.23
Mandya,74,7.51,35.4,6.22
Mandya,75,7.49,35.4,6.23
Mandya,76,7.49,35.6,6.23
Mandya,77,7.51,35.6,6.23
Mandya,78,7.52,35.7,6.24
Mandya,79,7.52,35.7,6.24
Mandya,80,7.49,35.8,6.23
Mandya,81,7.48,35.8,6.24
Mandya,82,7.44,35.9,6.23
Mandya,83,7.43,35.91,6.22
Mandya,84,7.41,36.0,6.19
Mandya,85,7.34,36.01,6.15
Mandya,86,7.34,36.1,6.13
Mandya,87,7.36,36.1,6.13
Mandya,88,7.4,36.2,6.13
Mandya,89,7.4,36.2,6.14
Mandya,90,7.4,36.3,6.14
Mandya,91,7.36,36.21,6.12
Mandya,92,7.3,36.2,6.09
Mandya,93,7.23,36.21,6.06
Mandya,94,7.17,36.3,6.02
Mandya,95,7.14,36.3,5.98
Mandya,96,7.14,36.3,5.96
Mandya,97,7.14,36.3,5.94
Mandya,98,7.12,36.3,5.93
Mandya,99,7.1,36.3,5.93
Mandya,100,7.05,36.3,5.92
Mandya,101,6.99,36.3,5.89
Mandya,102,6.93,36.2,5.86
Mandya,103,6.89,36.2,5.83
Mandya,104,6.84,36.2,5.79
Mandya,105,6.75,36.2,5.75
Mandya,106,6.73,36.2,5.72
Mandya,107,6.73,36.2,5.7
Mandya,108,6.7,36.2,5.69
Mandya,109,6.69,36.21,5.69
Mandya,110,6.68,36.2,5.7
Mandya,111,6.65,36.2,5.7
Mandya,112,6.64,36.2,5.69
Mandya,113,6.61,36.2,5.7
Mandya,114,6.61,36.2,5.71
Mandya,115,6.61,36.2,5.71
Mandya,116,6.54,36.1,5.69
Mandya,117,6.53,36.1,5.67
Mandya,118,6.52,36.1,5.65
Mandya,119,6.48,36.01,5.62
Mandya,120,6.46,36.0,5.59
Mandya,121,6.48,36.0,5.55
Mandya,122,6.46,35.9,5.53
Mandya,123,6.45,35.9,5.51
Mandya,124,6.4,35.8,5.47
Mandya,125,6.37,35.71,5.43
Mandya,126,6.36,35.7,5.39
Mandya,127,6.39,35.7,5.37
Mandya,128,6.38,35.6,5.34
Mandya,129,6.37,35.5,5.29
Mandya,130,6.37,35.4,5.26
Mandya,131,6.37,35.31,5.25
Mandya,132,6.37,35.21,5.24
Mandya,133,6.37,35.2,5.23
Mandya,134,6.38,35.2,5.24
Mandya,135,6.38,35.2,5.26
Mandya,136,6.38,35.2,5.28
Mandya,137,6.38,35.2,5.28
Mandya,138,6.37,35.2,5.25
Mandya,139,6.37,35.2,5.24
Mandya,140,6.37,35.2,5.22
Mandya,141,6.35,35.1,5.2
Mandya,142,6.33,35.1,5.17
Mandya,143,6.3,35.0,5.13
Mandya,144,6.2,35.0,5.11
Mandya,145,6.16,34.9,5.06
Mandya,146,6.11,34.7,5.0
Mandya,147,6.08,34.61,4.95
Mandya,148,6.07,34.5,4.9
Mandya,149,5.95,34.4,4.85
Mandya,150,5.87,34.21,4.78
Mandya,151,5.85,34.0,4.72
Mandya,152,5.81,33.9,4.65
Mandya,153,5.8,33.7,4.61
Mandya,154,5.75,33.5,4.56
Mandya,155,5.73,33.3,4.5
Mandya,156,5.69,33.1,4.43
Mandya,157,5.64,32.91,4.36
Mandya,158,5.58,32.7,4.3
Mandya,159,5.5,32.51,4.25
Mandya,160,5.44,32.4,4.22
Mandya,161,5.38,32.11,4.19
Mandya,162,5.36,31.71,4.17
Mandya,163,5.24,31.31,4.12
Mandya,164,5.16,31.1,4.09
Mandya,165,5.15,30.81,4.05
Mandya,166,5.09,30.8,4.03
Mandya,167,5.08,30.6,4.0
Mandya,168,5.05,30.51,3.99
Mandya,169,4.98,30.41,3.97
Mandya,170,4.97,30.3,3.96
Mandya,171,4.95,30.21,3.96
Mandya,172,4.97,30.1,3.95
Mandya,173,4.98,30.1,3.93
Mandya,174,4.98,30.1,3.93
Mandya,175,4.98,30.0,3.91
Mandya,176,4.95,30.0,3.9
Mandya,177,4.95,30.0,3.9
Mandya,178,4.96,29.91,3.86
Mandya,179,4.95,30.0,3.84
Mandya,180,4.92,30.0,3.83
Mandya,181,4.91,29.91,3.82
Mandya,182,4.91,29.9,3.81
Mandya,183,4.91,29.9,3.8
Mandya,184,4.91,29.81,3.78
Mandya,185,4.9,29.8,3.76
Mandya,186,4.87,29.8,3.75
Mandya,187,4.86,29.7,3.74
Mandya,188,4.83,29.7,3.74
Mandya,189,4.8,29.6,3.71
Mandya,190,4.76,29.5,3.67
Mandya,191,4.69,29.5,3.64
Mandya,192,4.64,29.4,3.62
Mandya,193,4.63,29.3,3.61
Mandya,194,4.6,29.3,3.62
Mandya,195,4.62,29.2,3.63
Mandya,196,4.6,29.1,3.62
Mandya,197,4.58,29.1,3.61
Mandya,198,4.57,29.01,3.59
Mandya,199,4.53,29.01,3.58
Mandya,200,4.57,29.01,3.58
Mandya,201,4.53,29.0,3.57
Mandya,202,4.53,28.9,3.58
Mandya,203,4.55,28.9,3.58
Mandya,204,4.57,28.9,3.6
Mandya,205,4.58,29.0,3.63
Mandya,206,4.59,29.0,3.65
Mandya,207,4.59,28.91,3.67
Mandya,208,4.57,28.9,3.69
Mandya,209,4.57,28.9,3.68
Mandya,210,4.54,28.8,3.67
Mandya,211,4.54,28.8,3.67
Mandya,212,4.55,28.8,3.68
Mandya,213,4.55,28.8,3.68
Mandya,214,4.54,28.8,3.69
Mandya,215,4.52,28.8,3.68
Mandya,216,4.51,28.9,3.68
Mandya,217,4.5,28.9,3.66
Mandya,218,4.49,28.9,3.67
Mandya,219,4.49,28.9,3.67
Mandya,220,4.49,28.9,3.67
Mandya,221,4.49,28.9,3.66
Mandya,222,4.46,29.0,3.64
Mandya,223,4.45,29.0,3.64
Mandya,224,4.43,29.0,3.65
Mandya,225,4.45,29.01,3.65
Mandya,226,4.46,29.01,3.65
Mandya,227,4.46,29.1,3.63
Mandya,228,4.47,29.1,3.65
Mandya,229,4.51,29.1,3.65
Mandya,230,4.53,29.11,3.66
Mandya,231,4.55,29.2,3.67
Mandya,232,4.56,29.21,3.67
Mandya,233,4.58,29.3,3.68
Mandya,234,4.58,29.3,3.67
Mandya,235,4.6,29.3,3.68
Mandya,236,4.6,29.31,3.68
Mandya,237,4.62,29.4,3.7
Mandya,238,4.65,29.4,3.71
Mandya,239,4.71,29.5,3.71
Mandya,240,4.71,29.5,3.72
Mandya,241,4.74,29.6,3.73
Mandya,242,4.72,29.6,3.75
Mandya,243,4.74,29.5,3.74
Mandya,244,4.71,29.5,3.74
Mandya,245,4.72,29.5,3.77
Mandya,246,4.74,29.5,3.79
Mandya,247,4.76,29.5,3.81
Mandya,248,4.76,29.6,3.82
Mandya,249,4.77,29.6,3.85
Mandya,250,4.8,29.7,3.85
Mandya,251,4.82,29.7,3.86
Mandya,252,4.79,29.7,3.86
Mandya,253,4.77,29.6,3.87
Mandya,254,4.77,29.6,3.88
Mandya,255,4.8,29.6,3.89
Mandya,256,4.82,29.7,3.91
Mandya,257,4.85,29.7,3.94
Mandya,258,4.87,29.8,3.98
Mandya,259,4.89,29.91,4.03
Mandya,260,4.89,30.0,4.03
Mandya,261,4.93,30.01,4.03
Mandya,262,4.95,30.01,4.02
Mandya,263,4.95,30.01,4.02
Mandya,264,4.94,29.91,4.01
Mandya,265,4.93,29.9,4.01
Mandya,266,4.93,29.9,4.0
Mandya,267,4.94,29.9,4.0
Mandya,268,4.96,30.0,4.0
Mandya,269,4.95,30.0,3.99
Mandya,270,4.99,30.0,3.99
Mandya,271,4.96,30.0,3.98
Mandya,272,4.95,30.0,3.94
Mandya,273,4.94,29.9,3.92
Mandya,274,4.92,29.9,3.89
Mandya,275,4.9,29.81,3.86
Mandya,276,4.87,29.7,3.85
Mandya,277,4.85,29.7,3.84
Mandya,278,4.78,29.6,3.81
Mandya,279,4.83,29.6,3.79
Mandya,280,4.75,29.6,3.78
Mandya,281,4.76,29.6,3.77
Mandya,282,4.81,29.6,3.77
Mandya,283,4.76,29.6,3.76
Mandya,284,4.76,29.6,3.75
Mandya,285,4.74,29.6,3.73
Mandya,286,4.73,29.6,3.7
Mandya,287,4.73,29.6,3.69
Mandya,288,4.73,29.6,3.66
Mandya,289,4.8,29.6,3.63
Mandya,290,4.82,29.6,3.64
Mandya,291,4.89,29.7,3.64
Mandya,292,4.9,29.7,3.65
Mandya,293,4.93,29.8,3.66
Mandya,294,4.93,29.8,3.66
Mandya,295,4.94,29.8,3.66
Mandya,296,4.95,29.81,3.66
Mandya,297,4.92,29.81,3.66
Mandya,298,4.91,29.81,3.64
Mandya,299,4.9,29.8,3.61
Mandya,300,4.88,29.7,3.59
Mandya,301,4.86,29.61,3.57
Mandya,302,4.85,29.51,3.56
Mandya,303,4.84,29.5,3.56
Mandya,304,4.82,29.4,3.55
Mandya,305,4.82,29.3,3.54
Mandya,306,4.79,29.3,3.53
Mandya,307,4.79,29.1,3.52
Mandya,308,4.76,29.0,3.51
Mandya,309,4.74,28.81,3.51
Mandya,310,4.74,28.71,3.53
Mandya,311,4.74,28.7,3.53
Mandya,312,4.81,28.7,3.54
Mandya,313,4.81,28.6,3.57
Mandya,314,4.81,28.6,3.61
Mandya,315,4.81,28.7,3.62
Mandya,316,4.81,28.7,3.64
Mandya,317,4.81,28.8,3.67
Mandya,318,4.81,28.8,3.68
Mandya,319,4.81,28.9,3.66
Mandya,320,4.81,28.92,3.65
Mandya,321,4.8,28.9,3.65
Mandya,322,4.81,28.9,3.66
Mandya,323,4.8,28.92,3.66
Mandya,324,4.81,29.1,3.66
Mandya,325,4.81,29.1,3.66
Mandya,326,4.81,29.2,3.65
Mandya,327,4.78,29.2,3.63
Mandya,328,4.76,29.2,3.62
Mandya,329,4.8,29.2,3.62
Mandya,330,4.8,29.21,3.61
Mandya,331,4.81,29.3,3.61
Mandya,332,4.8,29.2,3.62
Mandya,333,4.81,29.2,3.64
Mandya,334,4.84,29.2,3.68
Mandya,335,4.84,29.2,3.71
Mandya,336,4.87,29.2,3.72
Mandya,337,4.87,29.3,3.72
Mandya,338,4.88,29.3,3.72
Mandya,339,4.9,29.31,3.73
Mandya,340,4.91,29.4,3.72
Mandya,341,4.94,29.4,3.73
Mandya,342,4.96,29.41,3.75
Mandya,343,4.99,29.5,3.79
Mandya,344,4.99,29.5,3.81
Mandya,345,4.99,29.4,3.84
Mandya,346,4.99,29.5,3.86
Mandya,347,5.0,29.5,3.87
Mandya,348,5.02,29.5,3.88
Mandya,349,5.02,29.5,3.89
Mandya,350,5.04,29.6,3.93
Mandya,351,5.05,29.6,3.97
Mandya,352,5.03,29.6,3.99
Mandya,353,5.02,29.51,4.03
Mandya,354,5.0,29.5,4.06
Mandya,355,4.98,29.5,4.09
Mandya,356,4.97,29.5,4.12
Mandya,357,4.97,29.41,4.13
Mandya,358,4.97,29.41,4.13
Mandya,359,4.97,29.5,4.15
Mandya,360,4.97,29.5,4.18
Mandya,361,4.98,29.5,4.21
Mandya,362,4.98,29.5,4.24
Mandya,363,5.02,29.51,4.26
Mandya,364,5.03,29.6,4.27
Mandya,365,5.05,29.61,4.28
